Filename,RMS,Chroma_STFT,Spectral_Centroid,Spectral_Bandwidth,Spectral_Roloff,Zero_Crossing_Rate
B_ANI01_MC_FN_SIM01_101.wav,0.05447988,0.37590885,1707.7145465570281,852.3765266880143,2540.047940340909,0.16337200126262627
B_ANI01_MC_FN_SIM01_102.wav,0.0042531444,0.59469897,1527.2407203290259,928.6020061150135,2634.344285534274,0.13417496219758066
B_ANI01_MC_FN_SIM01_103.wav,0.008073181,0.47622862,1597.1034588451394,921.9402984472612,2637.127216045673,0.15138596754807693
B_ANI01_MC_FN_SIM01_301.wav,0.021183433,0.4367097,1681.916887877155,877.8899175000774,2624.0361328125,0.15329427083333333
B_ANI01_MC_FN_SIM01_302.wav,0.0067113326,0.536979,1573.9030889354372,968.035925534672,2793.8352272727275,0.14675958806818182
B_ANI01_MC_FN_SIM01_303.wav,0.0226674,0.38694194,1595.1760950568384,937.3243474503348,2710.459513836596,0.11886412838855422
B_BAC01_MC_MN_SIM01_101.wav,0.018640421,0.48694992,1531.3309748199695,896.6273705929914,2590.013671875,0.14150390625
B_BAC01_MC_MN_SIM01_102.wav,0.019765923,0.54324794,1517.1138459962779,896.6517550388273,2560.0134507665093,0.1328677771226415
B_BAC01_MC_MN_SIM01_103.wav,0.019079462,0.58883095,1503.0085293873944,914.3583514226109,2574.2334905660377,0.13634102299528303
B_BAC01_MC_MN_SIM01_202.wav,0.009861995,0.53090537,1504.5519509608305,971.7109951539203,2672.2705078125,0.13236860795454544
B_BAC01_MC_MN_SIM01_301.wav,0.00435497,0.61690664,1699.5998811255067,978.6300941824036,2933.2529296875,0.158359375
B_BAC01_MC_MN_SIM01_303.wav,0.015377593,0.5799347,1661.319558775182,971.3163628881771,2840.2294921875,0.15419921875
B_BRA01_MC_MN_SIM01_101.wav,0.013437437,0.5457112,1362.4972542564026,885.9477812468897,2388.3056640625,0.11638919890873016
B_BRA01_MC_MN_SIM01_104.wav,0.029254626,0.5391375,1319.6548492335785,868.1440239904922,2316.5193256578946,0.10952919407894737
B_BRA01_MC_MN_SIM01_105.wav,0.045133546,0.53543687,1412.5465880225909,857.9768517126446,2388.75,0.12611490885416668
B_BRA01_MC_MN_SIM01_106.wav,0.032264348,0.43806505,1582.7377212133351,951.3859408989374,2792.4480569773705,0.1443376212284483
B_BRA01_MC_MN_SIM01_301.wav,0.004640992,0.51856434,1376.0371976450406,943.6391312852377,2519.798865685096,0.11099008413461539
B_BRA01_MC_MN_SIM01_302.wav,0.01838447,0.45246157,1510.5464045267072,865.7555414483516,2494.390869140625,0.12627301897321427
B_BRA01_MC_MN_SIM01_303.wav,0.040655356,0.46222597,1343.52094689908,872.0809646515612,2274.803466796875,0.11229654947916666
B_BRI01_MC_FI_SIM01_101.wav,0.012693125,0.33204052,1245.6693784476129,872.0576807499615,2250.9559044471152,0.09049896501068376
B_BRI01_MC_FI_SIM01_102.wav,0.0047007385,0.5022846,1511.0095996218975,973.7543197076864,2676.7427884615386,0.13197866586538462
B_BRI01_MC_FI_SIM01_201.wav,0.020472202,0.41419,1574.2428785090776,902.3663908901477,2632.8590794613488,0.13851768092105263
B_BRI01_MC_FI_SIM01_202.wav,0.004041269,0.27764514,1233.5188894855846,901.5842260847196,2269.8858889541184,0.08812206466763006
B_BRI01_MC_FI_SIM01_301.wav,0.0027510247,0.5562131,1518.8649300141183,926.8902683885273,2588.5986328125,0.14058140345982142
B_BRI01_MC_FI_SIM01_302.wav,0.008304906,0.49250728,1519.4030949259536,955.8990449998875,2660.2734375,0.12541852678571427
B_BRI01_MC_FI_SIM01_303.wav,0.007798955,0.320632,1268.560678173098,858.3201117993763,2129.8994584517045,0.09405438311688312
B_CAN01_EU_FN_GIA01_101.wav,0.006093175,0.49425358,1767.1569675646926,960.7946346548677,2912.36572265625,0.161322021484375
B_CAN01_EU_FN_GIA01_102.wav,0.0105260955,0.3999057,1733.6124562288066,935.7691318787433,2796.8786851415093,0.16858601120283018
B_CAN01_EU_FN_GIA01_103.wav,0.009175975,0.4854841,1720.0888934213508,966.7934545640976,2882.49946489726,0.1596746575342466
B_CAN01_EU_FN_GIA01_104.wav,0.0055190935,0.5067587,1747.5713332807393,961.0653013776,2897.324146943934,0.16147748161764705
B_CAN01_EU_FN_GIA01_105.wav,0.011751147,0.46324497,1775.029486610305,912.2590318440648,2852.6863344254034,0.15870715725806453
B_CAN01_EU_FN_GIA01_201.wav,0.002949314,0.4816591,1449.86253955053,947.4724888460671,2588.5798756669205,0.12469631288109756
B_CAN01_EU_FN_GIA01_202.wav,0.0048936433,0.4811659,1643.14500679081,942.0835792905998,2761.701443829114,0.15385803995253164
B_CAN01_EU_FN_GIA01_203.wav,0.0029809477,0.48117337,1498.3315067327483,932.5396325181439,2608.692345252404,0.13698793068910256
B_CAN01_EU_FN_GIA01_204.wav,0.0083272485,0.4617555,1583.1354700317145,935.558254313756,2697.2490234375,0.14288411458333333
B_CAN01_EU_FN_GIA01_205.wav,0.008236244,0.4641579,1666.8275568156184,928.4445359011876,2771.5140427215188,0.15390748615506328
B_CAN01_EU_FN_GIA01_206.wav,0.013879874,0.53172255,1652.7412432934677,952.1498677160328,2806.547705806903,0.151826317630597
B_CAN01_EU_FN_GIA01_207.wav,0.0075362273,0.52229464,1636.9043167338266,953.760960280048,2770.2933933423915,0.14767323369565216
B_CAN01_EU_FN_GIA01_208.wav,0.005534324,0.48962685,1544.6171081875436,927.3084538717878,2639.1802437697784,0.138603886471519
B_CAN01_EU_FN_GIA01_209.wav,0.009346778,0.4673463,1643.3989766924954,905.0082866278337,2711.9873046875,0.1547309027777778
B_CAN01_EU_FN_GIA01_210.wav,0.0036147092,0.48345852,1618.3484426563382,967.5434998860303,2829.724780933277,0.14540883657094594
B_CAN01_EU_FN_GIA01_301.wav,0.003677639,0.47576252,1337.2097010729015,951.6556251625001,2501.4404296875,0.11144266010802469
B_CAN01_EU_FN_GIA01_302.wav,0.004198243,0.44631958,1408.7568736511414,949.4970911834469,2464.3405151367188,0.121142578125
B_CAN01_EU_FN_GIA01_303.wav,0.0013131517,0.44502205,1464.6921593422667,1004.8005820311839,2773.2857619659812,0.11876977848101265
B_CAN01_EU_FN_GIA01_304.wav,0.0023514745,0.43487635,1397.8449192120713,966.8839297175484,2558.118271246189,0.1136742568597561
B_CAN01_EU_FN_GIA01_305.wav,0.0025859089,0.43510965,1388.2753638748986,947.520788234234,2517.986505681818,0.11576704545454546
B_CAN01_EU_FN_GIA01_306.wav,0.0024902127,0.4508656,1376.0221911760405,933.7017520005837,2444.9725573575947,0.1164334454113924
B_CAN01_EU_FN_GIA01_307.wav,0.0026894081,0.46307716,1606.5739361988649,1015.8576003321796,2877.2081163194443,0.1412037037037037
B_CAN01_EU_FN_GIA01_308.wav,0.0035922842,0.45475376,1389.8339074233086,971.8304911121797,2467.047119140625,0.11652967664930555
B_CAN01_EU_FN_GIA01_309.wav,0.003821599,0.4599151,1406.2147749851915,944.59190792769,2481.072443181818,0.12027572037337662
B_CAN01_EU_FN_GIA01_310.wav,0.0026573958,0.42991444,1305.8905213400649,945.3682080401516,2360.3052032127807,0.10856302668539326
B_CAN01_EU_FN_GIA01_311.wav,0.004251625,0.43787658,1435.7483834705622,948.8151376179167,2543.5074045688293,0.12492583069620253
B_DAK01_MC_FN_SIM01_102.wav,0.012932213,0.52766556,1509.1425779455515,911.7152149943839,2550.2490234375,0.1291015625
B_DAK01_MC_FN_SIM01_301.wav,0.004541587,0.2520004,1031.995148781704,620.6871569230588,1640.23193359375,0.0869411892361111
B_DAK01_MC_FN_SIM01_302.wav,0.009518022,0.5097238,1427.545002830703,967.4746954627866,2512.1598093133225,0.12701737253289475
B_DAK01_MC_FN_SIM01_303.wav,0.03524735,0.5215903,1594.5869900036328,912.9707772663784,2667.1563720703125,0.142462158203125
B_IND01_EU_FN_ELI01_101.wav,0.003962491,0.39359787,1447.3179290786397,836.3295505483222,2482.2268602324693,0.11527010289634146
B_IND01_EU_FN_ELI01_102.wav,0.007928178,0.4719708,1581.16783777612,899.117747919921,2659.940536708048,0.1413540774828767
B_IND01_EU_FN_ELI01_103.wav,0.0089146765,0.4879472,1583.8119924162984,910.1139200781997,2674.8457625105575,0.13653729413006757
B_IND01_EU_FN_ELI01_201.wav,0.0042318143,0.46221566,1406.6889724963044,940.3787813862864,2520.903132512019,0.11768204126602565
B_IND01_EU_FN_ELI01_202.wav,0.0017474856,0.4432698,1430.0691656233835,939.9999523157586,2593.8102055521845,0.12332182949029126
B_IND01_EU_FN_ELI01_203.wav,0.0015605048,0.56181526,1626.7673850272852,985.2360126439849,2871.953056227993,0.1456178477112676
B_IND01_EU_FN_ELI01_301.wav,0.002369272,0.5778422,1553.6901857670384,1006.2991039181157,2868.6382092927633,0.13832065515350878
B_IND01_EU_FN_ELI01_302.wav,0.0012658583,0.5484173,1613.3096549849085,1008.3045334696634,2903.925238715278,0.14756944444444445
B_IND01_EU_FN_ELI01_303.wav,0.00091056054,0.5436773,1550.0851466643417,994.6297533436759,2787.6998098273025,0.14293791118421054
B_IND01_EU_FN_ELI01_304.wav,0.007164329,0.45920342,1613.6332259385406,909.7676809452165,2683.2763671875,0.14071180555555557
B_IND01_EU_FN_ELI01_305.wav,0.005133656,0.5591184,1621.2424204663591,984.15597175074,2851.1306762695312,0.14468994140625
B_JJX01_MC_FN_SIM01_101.wav,0.0030534358,0.624799,1592.8699702938432,1023.0068940840601,2907.826861213235,0.14655139399509803
B_JJX01_MC_FN_SIM01_102.wav,0.005749462,0.58692396,1662.167612287625,1000.8041823919302,2924.4781494140625,0.152374267578125
B_JJX01_MC_FN_SIM01_103.wav,0.02048183,0.55403566,1664.1050692509657,946.4123869021239,2841.5145381804437,0.1521704889112903
B_JJX01_MC_FN_SIM01_201.wav,0.013170236,0.50375783,1555.5499505704136,959.6685082700768,2691.981670673077,0.1328125
B_JJX01_MC_FN_SIM01_202.wav,0.025436055,0.44480667,1616.1654603590432,935.2910070706362,2694.4076910251524,0.1373975800304878
B_JJX01_MC_FN_SIM01_301.wav,0.003421807,0.5919759,1498.6878303221224,991.6229403768019,2697.03369140625,0.13307291666666668
B_JJX01_MC_FN_SIM01_302.wav,0.0032863456,0.5124456,1559.581495440055,950.889693168777,2719.2615139868954,0.1354271673387097
B_MAG01_EU_FN_FED01_101.wav,0.014142319,0.50279456,1538.6889177815178,958.0432710114516,2734.1574928977275,0.14318689123376624
B_MAG01_EU_FN_FED01_102.wav,0.011212625,0.4708577,1461.057421502621,942.7794502119365,2618.0068359375,0.13163411458333332
B_MAG01_EU_FN_FED01_103.wav,0.0067701694,0.4148581,1569.1426495501426,978.1809997501474,2769.2832545230262,0.15296695106907895
B_MAG01_EU_FN_FED01_201.wav,0.0068319654,0.51717985,1552.5628754827653,927.5884710210759,2637.079944349315,0.1431466716609589
B_MAG01_EU_FN_FED01_202.wav,0.004700899,0.5746315,1427.5472806925372,932.8720421418681,2565.311050415039,0.12566375732421875
B_MAG01_EU_FN_FED01_203.wav,0.009948418,0.5168534,1521.172198044243,925.5830808136296,2598.824825802365,0.14426071579391891
B_MAG01_EU_FN_FED01_204.wav,0.018444128,0.5064154,1549.6882070790932,912.7385663604891,2655.1785278320312,0.145086669921875
B_MAG01_EU_FN_FED01_205.wav,0.015959084,0.515282,1566.0451849088645,910.1091314332098,2626.0845477764424,0.14014297876602563
B_MAG01_EU_FN_FED01_301.wav,0.024016589,0.5137105,1405.323385708485,895.508313325288,2434.720126065341,0.11981201171875
B_MAG01_EU_FN_FED01_302.wav,0.01317665,0.5789298,1395.7897883398525,946.4985833817605,2536.9189453125,0.12088448660714286
B_MAT01_EU_FN_RIT01_101.wav,0.0013367332,0.4689027,1341.3824606800597,1003.2975257167845,2550.2224392361113,0.08920476466049383
B_MAT01_EU_FN_RIT01_102.wav,0.0022953458,0.4932517,1490.7488834056762,991.2891868635153,2638.9507092927633,0.1163330078125
B_MAT01_EU_FN_RIT01_201.wav,0.0063727377,0.44876912,1501.9786393411187,923.2807628644114,2610.2279663085938,0.1403045654296875
B_MAT01_EU_FN_RIT01_202.wav,0.0016141084,0.43393004,1380.104524978959,854.5993762708309,2358.782958984375,0.12872721354166666
B_MAT01_EU_FN_RIT01_203.wav,0.0011277372,0.44620255,1416.1843634797135,949.8138598311018,2564.7108289930557,0.11399860146604938
B_MAT01_EU_FN_RIT01_204.wav,0.0007857076,0.5173497,1409.438153222689,993.337503785997,2695.724239864865,0.11756140906531531
B_MAT01_EU_FN_RIT01_205.wav,0.0028241621,0.48717052,1587.446308427995,914.5152107237346,2653.839111328125,0.14798990885416666
B_MAT01_EU_FN_RIT01_206.wav,0.0021273755,0.3962121,1392.1334084886364,881.4772244107174,2357.6566655585107,0.11641871675531915
B_MAT01_EU_FN_RIT01_207.wav,0.0032774084,0.42849612,1585.4351555656967,920.2923558725718,2738.7406782670455,0.14100477430555555
B_MAT01_EU_FN_RIT01_301.wav,0.0047939382,0.46522787,1703.996396850999,904.7038849135381,2754.327392578125,0.1522158668154762
B_MIN01_EU_FN_BEN01_101.wav,0.017197575,0.42255312,1692.452104360517,816.2074539563584,2631.15234375,0.15466424851190477
B_MIN01_EU_FN_BEN01_102.wav,0.009373892,0.4001459,1784.758059946742,883.4890412318697,2826.391242532169,0.15978285845588236
B_MIN01_EU_FN_BEN01_103.wav,0.02490567,0.39823303,1817.4718605444418,924.6462497383419,2851.239210559476,0.17415495841733872
B_MIN01_EU_FN_BEN01_104.wav,0.024614152,0.40798223,1781.5714644879406,890.3951529231579,2806.070001775568,0.16844371448863638
B_NIG01_MC_MN_SIM01_101.wav,0.021310532,0.45721436,1655.4006240618048,927.3744096026296,2777.0355224609375,0.14500596788194445
B_NIG01_MC_MN_SIM01_102.wav,0.01352632,0.46193516,1649.858634742004,947.2132030352539,2798.455078125,0.1344921875
B_NIG01_MC_MN_SIM01_103.wav,0.026701428,0.49433887,1678.7485492774736,926.4621168119946,2786.5310668945312,0.15268707275390625
B_NIG01_MC_MN_SIM01_201.wav,0.0096587585,0.32700393,1358.6561189318452,924.3112427134106,2446.5141245860927,0.10100954573675497
B_NUL01_MC_MI_SIM01_102.wav,0.009155754,0.44558832,1457.284073704944,885.9833239334248,2472.1673804593374,0.12354692206325302
B_NUL01_MC_MI_SIM01_201.wav,0.070566356,0.35050642,1310.9804802006095,796.1794919435024,2126.1918676181103,0.10494202140748031
B_NUL01_MC_MI_SIM01_301.wav,0.003484468,0.43351367,1509.1910839409277,955.1674701777669,2705.729792668269,0.1314540765224359
B_NUL01_MC_MI_SIM01_302.wav,0.007907434,0.44086367,1375.9507110625543,931.3577042019949,2563.0997623305725,0.10776308358433735
B_REG01_EU_FN_GIO01_101.wav,0.0046780533,0.46804693,1674.4117888562712,909.1765629493182,2752.532958984375,0.15151250930059523
B_REG01_EU_FN_GIO01_102.wav,0.013848813,0.49212626,1689.7011632005692,895.2117595114236,2735.510125411184,0.1532740542763158
B_REG01_EU_FN_GIO01_201.wav,0.0019502501,0.5297081,1599.6828745654618,986.3979846587783,2799.31640625,0.14711216517857142
B_SPI01_EU_MN_NAI01_101.wav,0.02049891,0.45308286,1585.9205850679568,902.398874240438,2662.737831372893,0.14503050386235955
B_SPI01_EU_MN_NAI01_102.wav,0.0019752467,0.33684614,1517.8386179376203,1050.6639959997904,2781.7498458059213,0.14305998149671054
B_SPI01_EU_MN_NAI01_103.wav,0.0018355104,0.36000738,1449.9362091684923,973.0466950179604,2553.522770579268,0.13791563452743902
B_SPI01_EU_MN_NAI01_301.wav,0.0041890405,0.36846066,1781.3803206066148,958.1695958995159,2882.7234968354433,0.1519419996044304
B_TIG01_EU_FN_GIU01_201.wav,0.0036179465,0.4751923,1508.1482245800667,909.7849587633434,2589.7172407670455,0.1297940340909091
B_TIG01_EU_FN_GIU01_301.wav,0.004081278,0.45387134,2016.2494636065107,948.3405831129361,3044.8974609375,0.18995884486607142
B_WHO01_MC_FI_SIM01_101.wav,0.04825837,0.43382856,1688.3185328357624,906.1367838918169,2737.02392578125,0.1503848121279762
B_WHO01_MC_FI_SIM01_102.wav,0.07030315,0.3893295,1636.7402044981914,924.2056341472469,2717.7435661764707,0.1474896599264706
B_WHO01_MC_FI_SIM01_103.wav,0.068223104,0.37648815,1482.4311609291387,888.3992525896077,2475.6787592821784,0.1276009436881188
B_WHO01_MC_FI_SIM01_104.wav,0.027016995,0.4462839,1403.6146856557534,914.0253942064666,2538.712761201054,0.11127517884036145
B_WHO01_MC_FI_SIM01_201.wav,0.055503447,0.41270804,1797.954153468577,959.7361533748096,2880.3753030711205,0.1725653286637931
B_WHO01_MC_FI_SIM01_202.wav,0.072484225,0.3917654,1631.6261641896947,973.76921377796,2834.215045797414,0.14815687859195403
B_WHO01_MC_FI_SIM01_203.wav,0.033724472,0.48625714,1380.8045616024199,899.097338748073,2425.5615234375,0.11695207868303571
B_WHO01_MC_FI_SIM01_204.wav,0.073699936,0.422484,1583.6619120674877,915.8434222315686,2669.6164153343025,0.13705373364825582
B_WHO01_MC_FI_SIM01_301.wav,0.04456519,0.42175555,1642.064423515361,915.1626635467592,2706.891424005682,0.14763215300324675
B_WHO01_MC_FI_SIM01_302.wav,0.062062398,0.33449486,1474.9242799201547,843.0661945090918,2370.1301125919117,0.12691961550245098
B_WHO01_MC_FI_SIM01_304.wav,0.048301775,0.40224314,1599.241438847751,914.0002173382294,2630.5561864098836,0.14129496729651161
B_WHO01_MC_FI_SIM01_305.wav,0.016890615,0.5095701,1589.7964487070624,932.0062638150024,2712.5,0.1418883308531746
F_BAC01_MC_MN_SIM01_101.wav,0.014584052,0.5156149,1558.3135782741497,954.518226003931,2716.2307451356132,0.13780586674528303
F_BAC01_MC_MN_SIM01_102.wav,0.032858938,0.44161958,1608.4293224250987,920.2374342170523,2655.1145459784834,0.14187371926229508
F_BAC01_MC_MN_SIM01_103.wav,0.013267594,0.53949666,1497.2475787718113,945.7648405833264,2649.0966796875,0.1306888640873016
F_BAC01_MC_MN_SIM01_104.wav,0.0128777595,0.52035457,1507.295999416055,952.9905601198562,2653.553185096154,0.1285907451923077
F_BAC01_MC_MN_SIM01_105.wav,0.02207084,0.50138074,1557.1029649303161,921.3934084997628,2683.6181640625,0.1401909722222222
F_BAC01_MC_MN_SIM01_201.wav,0.012917983,0.5679052,1647.0896088881857,989.4885586229242,2853.7160773026317,0.15113589638157895
F_BAC01_MC_MN_SIM01_202.wav,0.01743922,0.5327374,1491.7216384815551,951.2364375452008,2625.4622662653687,0.12979476178278687
F_BAC01_MC_MN_SIM01_203.wav,0.020020049,0.5247535,1573.2004746504997,954.2003573339081,2670.779747596154,0.14454627403846154
F_BAC01_MC_MN_SIM01_301.wav,0.009302978,0.51585096,1617.0476773884209,950.6959877886467,2758.04443359375,0.14887491861979166
F_BAC01_MC_MN_SIM01_302.wav,0.014271936,0.42202318,1583.114532401107,875.6691979107986,2575.37109375,0.14227701822916666
F_BAC01_MC_MN_SIM01_303.wav,0.01812579,0.4564915,1690.550473880728,960.561631299482,2824.4993048199153,0.15594378972457626
F_BAC01_MC_MN_SIM01_304.wav,0.016583363,0.4161558,1598.3216338321647,943.8323340002975,2719.5376536885246,0.13754322489754098
F_BLE01_EU_FN_DEL01_101.wav,0.0027710286,0.46495292,1675.3608584770238,1001.6175746854775,2898.369140625,0.15679837740384617
F_BLE01_EU_FN_DEL01_102.wav,0.0030087775,0.50103897,1598.8846574941526,997.9520463046653,2807.3457362288136,0.14464711334745764
F_BLE01_EU_FN_DEL01_103.wav,0.004845652,0.5302711,1738.4825827575291,994.5490817212147,2979.201472355769,0.1605919471153846
F_BRA01_MC_MN_SIM01_301.wav,0.0019751373,0.48299077,1516.7063549773911,1017.2748578782481,2776.8044211647725,0.13580560064935066
F_BRA01_MC_MN_SIM01_302.wav,0.0025279727,0.453921,1401.8943369261522,1014.9688050006243,2691.3594013935813,0.11369694890202703
F_BRI01_MC_FI_SIM01_101.wav,0.010006507,0.45364967,1491.9399268580655,896.137682685509,2514.300537109375,0.13090006510416666
F_BRI01_MC_FI_SIM01_102.wav,0.0068104533,0.5139952,1463.550287404953,958.6070507739842,2645.647638494318,0.12385327888257576
F_BRI01_MC_FI_SIM01_103.wav,0.0096298475,0.4380712,1528.75354199248,923.4928390660884,2616.2841796875,0.13919714725378787
F_BRI01_MC_FI_SIM01_104.wav,0.011817878,0.48746768,1548.6719306132204,906.3622565139103,2636.5123401988635,0.14117986505681818
F_BRI01_MC_FI_SIM01_105.wav,0.0061684106,0.51091224,1448.6378091671486,938.9545500961249,2615.9368699596776,0.12603956653225806
F_BRI01_MC_FI_SIM01_106.wav,0.0067964904,0.4901633,1438.9057929816472,918.2325903897657,2527.199234501008,0.1256615423387097
F_BRI01_MC_FI_SIM01_201.wav,0.015670484,0.39176202,1472.530046870696,945.2188117883303,2572.2499890273875,0.11959598841292135
F_BRI01_MC_FI_SIM01_202.wav,0.017399346,0.36139354,1546.5769701080585,954.9483008649883,2667.0005396792762,0.13932077508223684
F_CAN01_EU_FN_GIA01_201.wav,0.0048161326,0.3764611,1686.916148895894,961.7554001111151,2814.840343386628,0.16594749273255813
F_CAN01_EU_FN_GIA01_202.wav,0.0027166551,0.33876982,1587.6361673961947,985.0449031472918,2719.879894721799,0.15168873856707318
F_DAK01_MC_FN_SIM01_301.wav,0.017956883,0.56860906,1617.9507831405163,953.1264948834124,2743.142832880435,0.14441094882246377
F_DAK01_MC_FN_SIM01_302.wav,0.006676834,0.49928313,1508.933280291422,938.3875179128148,2631.7319123641305,0.12994650135869565
F_DAK01_MC_FN_SIM01_303.wav,0.007610989,0.3617773,1663.7566129805853,989.2058826336842,2816.6135694159834,0.13949634989754098
F_DAK01_MC_FN_SIM01_304.wav,0.007232631,0.48441827,1564.7972605006692,983.390520459061,2797.3880597014927,0.1419003614738806
F_IND01_EU_FN_ELI01_101.wav,0.004153096,0.50256103,1417.4672827479067,916.0689515216192,2478.526893028846,0.12282777443910256
F_IND01_EU_FN_ELI01_102.wav,0.003339512,0.54881054,1437.6137829451206,946.9705884882226,2529.1046142578125,0.12471516927083333
F_IND01_EU_FN_ELI01_103.wav,0.007736195,0.4473707,1481.4417135150672,905.9963249184311,2531.315324113176,0.12809464738175674
F_IND01_EU_FN_ELI01_104.wav,0.0018338565,0.5825925,1428.0833175669168,979.5004234777654,2676.542417464718,0.11997542842741936
F_IND01_EU_FN_ELI01_201.wav,0.0011539478,0.5738694,1422.8994990217095,989.3355644302037,2677.2340936175847,0.1252979343220339
F_IND01_EU_FN_ELI01_202.wav,0.0016193927,0.58515096,1420.606954557201,998.5687209955787,2714.7216796875,0.12218366350446429
F_IND01_EU_FN_ELI01_203.wav,0.0030605257,0.5367806,1668.2857153589787,993.0971130481581,2907.3473914194915,0.14332296080508475
F_IND01_EU_FN_ELI01_301.wav,0.0018385458,0.4880604,1412.2308698182262,953.8392173625879,2578.1524658203125,0.1160617404513889
F_IND01_EU_FN_ELI01_302.wav,0.0029286495,0.45127526,1363.2128325743415,894.0601502854029,2348.9351939006024,0.10953383847891567
F_IND01_EU_FN_ELI01_304.wav,0.0028043857,0.51238257,1435.8565733562868,930.5850529552231,2551.6845703125,0.12665171682098766
F_LEO01_EU_MI_RIT01_101.wav,0.0010477621,0.44281957,1612.4733846702493,957.4916464870523,2696.1925506591797,0.1409149169921875
F_LEO01_EU_MI_RIT01_102.wav,0.001982973,0.43294302,1469.7655581855854,947.6042207639516,2546.6179342830883,0.12846823299632354
F_LEO01_EU_MI_RIT01_103.wav,0.0017313121,0.4240245,1462.7403072423472,936.2767631561053,2566.6568756103516,0.12139892578125
F_LEO01_EU_MI_RIT01_104.wav,0.0027106362,0.40383807,1448.658614073403,908.4878898417475,2458.1773731806506,0.12690630351027396
F_LEO01_EU_MI_RIT01_105.wav,0.00229109,0.42193234,1446.9775236816743,921.9737716342541,2530.293032997533,0.11939119037828948
F_MAG01_EU_FN_FED01_101.wav,0.0070131137,0.3760458,1590.8028174724157,937.075910496488,2677.396016725352,0.14812802596830985
F_MAG01_EU_FN_FED01_102.wav,0.010683346,0.37207562,1450.7047030974234,908.8895013434473,2472.9719832136825,0.12775812922297297
F_MAG01_EU_FN_FED01_103.wav,0.014361845,0.37074205,1538.2339490064066,909.7460258218077,2584.8573426942567,0.14513830236486486
F_MAG01_EU_FN_FED01_104.wav,0.010847212,0.41974637,1523.5438580566795,984.0027778989027,2686.3408336900684,0.1399694991438356
F_MAG01_EU_FN_FED01_105.wav,0.007805759,0.44137853,1672.5131906140452,973.901946429994,2778.225666202911,0.1639019691780822
F_MAG01_EU_FN_FED01_106.wav,0.008390321,0.3970181,1676.500660558369,939.1309005726293,2735.3501263786766,0.16130514705882354
F_MAG01_EU_FN_FED01_201.wav,0.014614825,0.5468985,1735.237126463303,973.7612794961628,2872.104698503521,0.17397942341549297
F_MAG01_EU_FN_FED01_202.wav,0.01166329,0.5129753,1585.61188471729,939.2482609626652,2659.658203125,0.142724609375
F_MAG01_EU_FN_FED01_203.wav,0.012221397,0.5685563,1528.7927440061026,912.6101819391133,2598.8919771634614,0.14655949519230768
F_MAG01_EU_FN_FED01_301.wav,0.0020119296,0.6044854,1350.6208417171817,983.5052459993384,2609.7147278866523,0.1166743908898305
F_MAG01_EU_FN_FED01_302.wav,0.005475717,0.49613938,1538.521763368355,940.8999565974456,2732.255859375,0.13669782366071428
F_MAG01_EU_FN_FED01_303.wav,0.0029482723,0.6036095,1301.4791369063346,921.2503820989629,2433.4150834517045,0.11267459753787878
F_MAG01_EU_FN_FED01_304.wav,0.0024457208,0.6269216,1338.9916491650922,932.8947552364785,2525.0165264423076,0.11121544471153846
F_MAG01_EU_FN_FED01_305.wav,0.013017184,0.5715016,1492.4229090187234,961.9026266315855,2692.240341395548,0.13478569135273974
F_MAT01_EU_FN_RIT01_101.wav,0.0047768,0.38127413,1531.3754865447575,882.6882866737812,2441.02783203125,0.137939453125
F_MAT01_EU_FN_RIT01_102.wav,0.0016053215,0.4545654,1560.0215954367625,1034.7170266641922,2882.615902549342,0.12897049753289475
F_MAT01_EU_FN_RIT01_103.wav,0.0013547186,0.39605787,1456.4729981315747,1031.5694337694295,2807.4245876736113,0.11494502314814815
F_MAT01_EU_FN_RIT01_301.wav,0.003921952,0.43305933,1555.8019739546892,939.4054144537962,2671.1265563964844,0.13303120930989584
F_MAT01_EU_FN_RIT01_302.wav,0.0029228309,0.49549046,1531.5804295107998,969.3857798438969,2693.2259908536585,0.12753072599085366
F_MAT01_EU_FN_RIT01_303.wav,0.0015652726,0.41124362,1670.2067328967166,974.594371557934,2823.5753312895567,0.14668834058544303
F_MEG01_MC_FI_SIM01_301.wav,0.0054866564,0.42195997,1654.5474138155407,974.3604908886829,2811.62109375,0.13761005704365079
F_MEG01_MC_FI_SIM01_302.wav,0.010383867,0.43838874,1729.0602596371525,935.4769307877987,2806.9572202620966,0.15623424899193547
F_MEG01_MC_FI_SIM01_303.wav,0.012008369,0.5003894,1694.559609040618,996.2313579742271,2952.2918701171875,0.14897325303819445
F_MEG01_MC_FI_SIM01_304.wav,0.012066871,0.41717887,1768.638641809895,995.0692331196672,2928.837016091418,0.16734200093283583
F_MIN01_EU_FN_BEN01_101.wav,0.0063616876,0.5285532,1697.7957253354919,958.3753137807173,2874.9622691761365,0.1560343952922078
F_MIN01_EU_FN_BEN01_102.wav,0.0065383795,0.42395785,1638.91738797756,962.2988515863949,2774.410532756024,0.16316241528614459
F_MIN01_EU_FN_BEN01_103.wav,0.0072574355,0.42676377,1550.9484838229737,908.9374138692509,2584.4812950721152,0.15042067307692308
F_MIN01_EU_FN_BEN01_104.wav,0.004447073,0.44456103,1644.7661838473284,950.5410471275454,2749.072265625,0.16168478260869565
F_REG01_EU_FN_GIO01_201.wav,0.0019749228,0.40993002,1393.955653563572,901.021203675074,2382.64892578125,0.12549370659722223
F_SPI01_EU_MN_NAI01_101.wav,0.008245344,0.49140602,1710.029847438516,928.7289066813888,2810.463005514706,0.15978285845588236
F_SPI01_EU_MN_NAI01_102.wav,0.0071742036,0.4503438,1652.87777524542,928.9446908067597,2776.625504032258,0.14872101814516128
F_SPI01_EU_MN_NAI01_103.wav,0.007749557,0.47308215,1658.1789859674661,911.8361844333966,2752.4639423076924,0.1508306146978022
F_SPI01_EU_MN_NAI01_104.wav,0.007668825,0.46991682,1754.7280047272777,921.7969370973622,2855.5419921875,0.1641818576388889
F_SPI01_EU_MN_NAI01_201.wav,0.0058172033,0.4233785,1681.5941683238448,906.4422467687887,2791.1337890625,0.153154296875
F_SPI01_EU_MN_NAI01_202.wav,0.010020269,0.47290024,1734.8666578221964,945.2820640764545,2888.78173828125,0.16326613653273808
F_SPI01_EU_MN_NAI01_203.wav,0.008731061,0.4133203,1703.9840015614886,956.5825932270737,2910.8357319078946,0.16012027138157894
F_SPI01_EU_MN_NAI01_301.wav,0.0036500075,0.37024012,1637.155391948664,944.5837071676725,2676.2073863636365,0.1288766571969697
F_WHO01_MC_FI_SIM01_101.wav,0.039191633,0.38637415,1550.8974723562642,936.0533976294183,2591.726650280899,0.14129981566011235
F_WHO01_MC_FI_SIM01_102.wav,0.059975695,0.43153614,1626.0884043011388,931.2819937603771,2708.0506790515988,0.15384265988372092
F_WHO01_MC_FI_SIM01_103.wav,0.00771634,0.47224003,1682.1787593417926,1011.2493921683514,2952.6677312077704,0.15140677787162163
F_WHO01_MC_FI_SIM01_301.wav,0.0035313703,0.53119344,1612.7161998020442,964.6903104301556,2771.7387952302633,0.14943976151315788
F_WHO01_MC_FI_SIM01_302.wav,0.0022339758,0.45908767,1559.3604310088224,1002.4060178121599,2778.680419921875,0.13722330729166668
F_WHO01_MC_FI_SIM01_303.wav,0.002049246,0.42797226,1518.434626922211,859.7194590217556,2521.1151123046875,0.13038853236607142
F_WHO01_MC_FI_SIM01_304.wav,0.019673709,0.5239428,1651.754465763413,1015.0586115211785,2905.9855143229165,0.1543872974537037
F_WHO01_MC_FI_SIM01_306.wav,0.005939812,0.53703725,1583.6346271521413,1020.5748054822365,2880.180456283245,0.13997049534574468
F_WHO01_MC_FI_SIM01_307.wav,0.019136121,0.5378962,1704.6371276962063,1012.7954917324373,2982.5222876764115,0.15695879536290322
I_ANI01_MC_FN_SIM01_101.wav,0.0573639,0.37256268,1461.375544173907,907.2448925666521,2526.0382834445227,0.11896506320224719
I_ANI01_MC_FN_SIM01_102.wav,0.02816329,0.34666058,1454.0727460791786,940.178785873899,2595.7666936910377,0.11762971698113207
I_ANI01_MC_FN_SIM01_103.wav,0.034301165,0.31500128,1462.4786163664464,926.6982091272052,2609.805162818031,0.11533808075221239
I_ANI01_MC_FN_SIM01_104.wav,0.05095816,0.4449446,1511.9713393410473,940.5044050137144,2668.260876885776,0.12913074712643677
I_BAC01_MC_MN_SIM01_101.wav,0.03994727,0.4076187,1394.1156423273253,936.312718519957,2498.5244750976562,0.1039794921875
I_BAC01_MC_MN_SIM01_102.wav,0.025231136,0.4500424,1462.3172670773642,968.7899876882562,2609.8866338315215,0.1162604732789855
I_BAC01_MC_MN_SIM01_103.wav,0.008669542,0.48949763,1589.5826584774745,946.8858687986623,2716.9355912642045,0.14666193181818182
I_BAC01_MC_MN_SIM01_301.wav,0.002050097,0.5473247,1540.8550997201994,995.8319274350239,2783.704833984375,0.13451334635416667
I_BAC01_MC_MN_SIM01_302.wav,0.01651782,0.45043054,1492.586536790152,958.2114372699243,2644.668856534091,0.12845348011363636
I_BAC01_MC_MN_SIM01_303.wav,0.020611074,0.5309457,1514.5021778634928,946.2574303017749,2627.2539246757074,0.13221366450471697
I_BAC01_MC_MN_SIM10_102.wav,0.022129731,0.47324902,1467.0254879572851,981.8803099376938,2650.355703619462,0.11964126780063292
I_BLE01_EU_FN_DEL01_101.wav,0.009727543,0.41390917,1553.254751810925,892.9891372151037,2552.410408620084,0.1341456724016854
I_BLE01_EU_FN_DEL01_102.wav,0.01193035,0.40716234,1556.200815326221,924.379699694851,2595.1265556867734,0.13649164244186046
I_BLE01_EU_FN_DEL01_103.wav,0.013893228,0.41235942,1588.592046740238,920.4460865778453,2636.920166015625,0.14678664434523808
I_BLE01_EU_FN_DEL01_104.wav,0.008140997,0.47006485,1649.8993459572794,953.4295413135075,2763.3294092465753,0.15259792380136986
I_BLE01_EU_FN_DEL01_105.wav,0.007832044,0.43755582,1659.532524777479,981.0216974772375,2864.5225847271126,0.15406305017605634
I_BLE01_EU_FN_DEL01_106.wav,0.0076415287,0.40548575,1568.534933748877,949.2114851871502,2644.4429837740386,0.14728565705128205
I_BLE01_EU_FN_DEL01_107.wav,0.00978024,0.37966457,1651.937344183064,981.8584861526417,2794.479237432065,0.15508237092391305
I_BLE01_EU_FN_DEL01_108.wav,0.010999686,0.43062112,1660.6345345968693,993.9165102040183,2817.559814453125,0.1563652886284722
I_BLE01_EU_FN_DEL01_109.wav,0.011363859,0.4397133,1650.124879112129,977.4258382898986,2803.4247147409537,0.15114232113486842
I_BLE01_EU_FN_DEL01_110.wav,0.009690099,0.44845307,1594.8958768359998,944.7631108221516,2658.9019775390625,0.14322916666666666
I_BLE01_EU_FN_DEL01_201.wav,0.009017681,0.41862297,1514.6687304526802,941.6048213802972,2578.60107421875,0.14652506510416666
I_BLE01_EU_FN_DEL01_202.wav,0.01379468,0.38266918,1508.3357381703122,957.993074811735,2611.85791015625,0.1417751736111111
I_BLE01_EU_FN_DEL01_203.wav,0.01486963,0.3561243,1585.6673256161412,969.5100610570353,2669.8779296875,0.15393880208333333
I_BLE01_EU_FN_DEL01_204.wav,0.017023357,0.35920805,1610.9816363618143,938.0942321528371,2675.9898792613635,0.1592740145596591
I_BLE01_EU_FN_DEL01_205.wav,0.019141883,0.44911397,1542.9022481920688,963.7000256102199,2695.5419333584337,0.14920227786144577
I_BLE01_EU_FN_DEL01_206.wav,0.016233996,0.32849059,1557.8207191728873,943.4392677476885,2625.3943810096152,0.15498368818681318
I_BLE01_EU_FN_DEL01_207.wav,0.012586236,0.36894813,1669.1933480954494,1004.5167852029685,2839.788450677711,0.1657273625753012
I_BLE01_EU_FN_DEL01_208.wav,0.015953824,0.31337765,1621.0383755773275,992.2338780822442,2771.703239889706,0.16282743566176472
I_BLE01_EU_FN_DEL01_209.wav,0.012186524,0.33012018,1642.4416898123525,976.020877995844,2747.7368731831393,0.1652377816133721
I_BLE01_EU_FN_DEL01_210.wav,0.014575105,0.34748918,1617.4643225904147,972.1829783583923,2714.849853515625,0.16459728422619047
I_BLE01_EU_FN_DEL01_211.wav,0.016247325,0.3951759,1586.1938024730714,986.3409747518051,2721.8493950076218,0.1572801543445122
I_BLE01_EU_FN_DEL01_212.wav,0.021259384,0.38934788,1509.2715113534903,935.8680355232973,2532.1089311079545,0.14572975852272727
I_BLE01_EU_FN_DEL01_213.wav,0.014927626,0.3235576,1604.1016792587689,991.7892239254053,2706.26220703125,0.16310337611607142
I_BLE01_EU_FN_DEL01_214.wav,0.009961104,0.34679878,1636.387464026758,981.4991114147007,2738.261897389482,0.16608708079268292
I_BLE01_EU_FN_DEL01_215.wav,0.009429053,0.37025532,1727.0034534208546,1015.0373731872971,2936.4857066761365,0.17573686079545456
I_BLE01_EU_FN_DEL01_216.wav,0.007477758,0.3606366,1706.6056034042879,1011.6006821187923,2860.508863231804,0.17576888844936708
I_BLE01_EU_FN_DEL01_217.wav,0.008556559,0.3164449,1669.3681788234487,983.2207036184758,2811.444302262931,0.16870959051724138
I_BLE01_EU_FN_DEL01_218.wav,0.014245122,0.26450497,1409.5789314119493,867.7463077290456,2255.730191929134,0.1337659940944882
I_BLE01_EU_FN_DEL01_219.wav,0.010846805,0.3546338,1652.120538927625,970.0147942338317,2741.8069979039633,0.16090653582317074
I_BLE01_EU_FN_DEL01_301.wav,0.0063487487,0.37349498,1396.488308744774,901.3880702599901,2349.1505748820755,0.12014021963443396
I_BLE01_EU_FN_DEL01_302.wav,0.013538368,0.4253536,1531.093579355288,902.182432380119,2534.078010110294,0.13790785845588235
I_BLE01_EU_FN_DEL01_303.wav,0.014142415,0.44073567,1567.1026660094194,940.2861024791972,2680.2351986069275,0.14386648155120482
I_BLE01_EU_FN_DEL01_304.wav,0.018274974,0.4484606,1552.936110800352,932.7234700776954,2635.094793911638,0.13977191091954022
I_BLE01_EU_FN_DEL01_305.wav,0.012043687,0.43018788,1586.364096595732,921.4622118966079,2665.5712890625,0.141552734375
I_BLE01_EU_FN_DEL01_306.wav,0.018129803,0.42023814,1529.1885019980182,909.6933152759008,2567.002003463273,0.1372875724871134
I_BLE01_EU_FN_DEL01_307.wav,0.018415144,0.44798788,1557.158801737345,931.738319648785,2644.7762838224085,0.14205411585365854
I_BLE01_EU_FN_DEL01_308.wav,0.010290068,0.46457297,1569.8003020633605,947.9702483276897,2667.060004340278,0.14426601080246915
I_BLE01_EU_FN_DEL01_309.wav,0.008165247,0.4499659,1520.9921169395661,929.7043291582946,2581.4208984375,0.13704427083333334
I_BLE01_EU_FN_DEL01_310.wav,0.017761892,0.45020768,1520.7842872211838,931.3357887832981,2587.445068359375,0.13717796688988096
I_BLE01_EU_FN_DEL01_311.wav,0.013932911,0.4050776,1485.3997315041893,941.3268094557005,2574.49951171875,0.12798200334821427
I_BLE01_EU_FN_DEL01_401.wav,0.0058771065,0.41428763,1501.7289825024127,909.9251332305162,2510.895714393029,0.12628643329326922
I_BLE01_EU_FN_DEL01_402.wav,0.009748544,0.50277686,1477.2529815647229,921.9942642074448,2533.926669034091,0.12830382508116883
I_BLE01_EU_FN_DEL01_403.wav,0.012014824,0.47735518,1460.0736608038544,887.4686982684098,2463.271771599265,0.12606272977941177
I_BLE01_EU_FN_DEL01_404.wav,0.00966463,0.48859823,1566.4485129698508,929.1934262376996,2599.237060546875,0.1397763206845238
I_BLE01_EU_FN_DEL01_405.wav,0.011211211,0.46227798,1531.0747335174217,938.1010681131822,2650.6878030711205,0.1334130298132184
I_BRA01_MC_MN_SIM01_101.wav,0.02736532,0.40933034,1638.1273786575587,933.28425715823,2763.1819215539385,0.13849127782534246
I_BRA01_MC_MN_SIM01_102.wav,0.016435178,0.39694422,1571.6745314070458,984.0142061650549,2725.468562199519,0.12471829927884616
I_BRA01_MC_MN_SIM01_103.wav,0.027167086,0.42419004,1591.07524058565,1004.9954915968315,2887.812619092988,0.13015672637195122
I_BRA01_MC_MN_SIM01_104.wav,0.03486916,0.44479832,1636.976907133094,1003.8933308854429,2911.998679421165,0.1394375887784091
I_BRA01_MC_MN_SIM01_301.wav,0.030175276,0.4458235,1512.389807733747,978.2203210570449,2687.735262784091,0.12883411754261365
I_BRA01_MC_MN_SIM01_302.wav,0.021176517,0.45145056,1524.4835228436389,977.4364831396825,2740.10009765625,0.13136121961805555
I_BRA01_MC_MN_SIM01_303.wav,0.013730748,0.48147258,1488.7375316518287,1026.9929095226294,2805.089801290761,0.12257274682971014
I_BRA01_MC_MN_SIM01_304.wav,0.026858354,0.4582263,1605.5851791722364,1009.9431858964795,2901.989215353261,0.13467362998188406
I_BRA01_MC_MN_SIM01_305.wav,0.018572707,0.43138924,1612.7220114899205,1020.6341259181567,2939.7187104096283,0.13056244721283783
I_BRA01_MC_MN_SIM01_306.wav,0.019784324,0.44319168,1591.7327192834803,995.3965619053283,2872.500197951858,0.13325459248310811
I_CAN01_EU_FN_GIA01_101.wav,0.010992196,0.56246763,1767.0518699508127,1012.8953035194593,2989.35546875,0.16684492807539683
I_CAN01_EU_FN_GIA01_102.wav,0.010408658,0.56964386,1763.1499503675748,993.045127791819,2953.817138671875,0.16341959635416667
I_CAN01_EU_FN_GIA01_103.wav,0.0066239233,0.5291442,1717.9276840186053,965.3880569972407,2854.665836817782,0.15713715889084506
I_CAN01_EU_FN_GIA01_104.wav,0.01115808,0.52514756,1790.0439271128444,989.4246086950519,2967.1097506009614,0.16467848557692308
I_CAN01_EU_FN_GIA01_105.wav,0.0048045185,0.49062407,1750.5942591666624,976.193592508393,2948.532405369718,0.15854698503521128
I_CAN01_EU_FN_GIA01_106.wav,0.0071874293,0.5290309,1774.77977701179,977.3953184654987,2944.339266690341,0.1641512784090909
I_CAN01_EU_FN_GIA01_107.wav,0.004722959,0.48475367,1715.5124179759985,963.3935740935691,2892.626953125,0.15434434678819445
I_CAN01_EU_FN_GIA01_201.wav,0.011996216,0.48044017,1658.0511315468975,959.2183488101396,2779.1460640822784,0.1558729727056962
I_CAN01_EU_FN_GIA01_202.wav,0.013259095,0.48939177,1694.0141314920395,958.5226571956496,2817.169884790348,0.156806269778481
I_CAN01_EU_FN_GIA01_203.wav,0.013321935,0.5000335,1728.6220940870355,959.992999113076,2827.001953125,0.16694779829545456
I_CAN01_EU_FN_GIA01_204.wav,0.013739809,0.5078391,1700.6459888319682,956.4371141111758,2838.6559119591348,0.16045673076923078
I_CAN01_EU_FN_GIA01_205.wav,0.011995775,0.4191619,1608.8698429519382,899.1530779823571,2609.501220703125,0.1462451171875
I_CAN01_EU_FN_GIA01_206.wav,0.011523521,0.5095499,1719.8862319869218,933.7943446926777,2824.7525024414062,0.16376953125
I_CAN01_EU_FN_GIA01_207.wav,0.010292496,0.51438916,1640.3573677557144,954.8013065881414,2739.3505241297466,0.15650959256329114
I_CAN01_EU_FN_GIA01_208.wav,0.013560178,0.5158953,1648.8855482522792,939.259837986492,2769.952947443182,0.15382761769480519
I_CAN01_EU_FN_GIA01_209.wav,0.0022092755,0.5189937,1566.8230633921328,956.2128029647134,2730.0064086914062,0.1432373046875
I_CAN01_EU_FN_GIA01_210.wav,0.00497757,0.50222456,1641.7740384942117,937.2907263394297,2750.590632512019,0.14934520232371795
I_CAN01_EU_FN_GIA01_211.wav,0.009456919,0.5345679,1684.7867923193294,951.7176365376681,2839.9423828125,0.15600911458333333
I_CAN01_EU_FN_GIA01_212.wav,0.005741035,0.51901484,1582.7249739398906,907.8585111583762,2650.475414379223,0.1416213576858108
I_CAN01_EU_FN_GIA01_301.wav,0.004201967,0.4755438,1611.077602320458,966.4759456141169,2804.505129894578,0.14056028802710843
I_CAN01_EU_FN_GIA01_302.wav,0.005498783,0.47376224,1625.4632225536716,959.8340750507787,2838.1328381990133,0.14588687294407895
I_CAN01_EU_FN_GIA01_303.wav,0.0058142454,0.46327013,1670.4745674856204,968.1958422981415,2827.6639141613923,0.15773338607594936
I_CAN01_EU_FN_GIA01_304.wav,0.008022716,0.4891163,1674.2110956007518,975.1664731557084,2833.660502373418,0.15384567840189872
I_CAN01_EU_FN_GIA01_305.wav,0.0045448043,0.50355357,1602.291127000042,962.3698537860613,2801.524939903846,0.14992112379807693
I_CAN01_EU_FN_GIA01_306.wav,0.0052161384,0.510877,1580.3791264485794,936.5613483229785,2723.360244541952,0.14809637200342465
I_CAN01_EU_FN_GIA01_307.wav,0.0026618587,0.52895314,1569.0930935157962,963.8409046569865,2769.424920333059,0.14488461143092105
I_CLE01_EU_FN_FER01_101.wav,0.0029779477,0.46480408,1380.752643190119,928.1847665510438,2471.0574063387785,0.13325639204545456
I_CLE01_EU_FN_FER01_102.wav,0.003251963,0.42927352,1379.9254405470895,952.9404852625041,2539.7779756433824,0.1193359375
I_CLE01_EU_FN_FER01_103.wav,0.009641052,0.4046182,1348.4852094131552,908.3958599058492,2390.54443359375,0.1157497829861111
I_CLE01_EU_FN_FER01_104.wav,0.006825531,0.48317775,1388.215069304073,885.5892737103406,2465.0265577362807,0.13137742949695122
I_CLE01_EU_FN_FER01_105.wav,0.006043385,0.4307871,1343.6895369759582,898.0722660272595,2390.704419239458,0.12139966114457831
I_CLE01_EU_FN_FER01_106.wav,0.013299856,0.44006583,1508.784693078545,925.1622684114702,2596.131310096154,0.13695663060897437
I_CLE01_EU_FN_FER01_107.wav,0.013959936,0.43645474,1526.079528580419,950.6388327090294,2650.7862437855115,0.13151411576704544
I_CLE01_EU_FN_FER01_109.wav,0.008474142,0.44408804,1411.9890635719262,899.3413442599242,2445.874865301724,0.12668372844827586
I_CLE01_EU_FN_FER01_110.wav,0.014424928,0.45258304,1428.693457453384,920.5164054610428,2481.089921431108,0.12739146839488635
I_CLE01_EU_FN_FER01_111.wav,0.01206166,0.4590834,1437.155566971821,921.603890837511,2517.04983998494,0.12141142695783133
I_CLE01_EU_FN_FER01_112.wav,0.009876685,0.45617896,1382.3473129090296,903.6806791065601,2416.1291650978915,0.12191735692771084
I_CLE01_EU_FN_FER01_113.wav,0.013005668,0.45472696,1489.5020042639894,935.8052242058047,2639.8361206054688,0.128271484375
I_CLE01_EU_FN_FER01_114.wav,0.014568498,0.46157596,1509.2072259125212,948.5531758177945,2647.203650841346,0.13067783453525642
I_CLE01_EU_FN_FER01_115.wav,0.027226383,0.4451914,1504.668362893592,937.6585395814342,2631.0109105603447,0.13102213541666666
I_CLE01_EU_FN_FER01_116.wav,0.022342417,0.41153452,1481.5855816353749,910.6669835278963,2469.2966627038045,0.12540867017663043
I_CLE01_EU_FN_FER01_117.wav,0.011656876,0.4665646,1605.2672554763074,939.1041985318581,2705.1776592548076,0.14235902443910256
I_CLE01_EU_FN_FER01_118.wav,0.01767841,0.45289528,1504.3377255197743,947.7273401942504,2613.77197265625,0.134814453125
I_CLE01_EU_FN_FER01_119.wav,0.020103406,0.47097123,1607.0568118202032,912.5518801927153,2645.712890625,0.1499728732638889
I_CLE01_EU_FN_FER01_120.wav,0.0150807835,0.44804233,1542.107470331389,915.8354598430304,2605.633348034274,0.13717027889784947
I_CLE01_EU_FN_FER01_121.wav,0.020959688,0.47959676,1522.7890982365775,933.0157341156818,2626.6419229628164,0.14131724683544303
I_DAK01_MC_FN_SIM01_101.wav,0.028929735,0.46022582,1521.6108565185964,922.7956933333585,2591.071251977848,0.1321573378164557
I_DAK01_MC_FN_SIM01_102.wav,0.037271738,0.39724374,1526.3752122028072,894.2566004978678,2582.8940862341774,0.12211975870253164
I_DAK01_MC_FN_SIM01_103.wav,0.031614404,0.46859714,1503.7643164046797,915.1882966866651,2581.1930338541665,0.12197386188271606
I_DAK01_MC_FN_SIM01_104.wav,0.029147781,0.46006164,1551.040354993635,928.7099642378789,2696.9599475599316,0.1277959118150685
I_DAK01_MC_FN_SIM01_105.wav,0.02934839,0.47494835,1562.0753724067672,915.3931237436052,2611.51611328125,0.13613978794642856
I_DAK01_MC_FN_SIM01_106.wav,0.027406152,0.50573105,1493.7529884650803,926.3100972490789,2570.1182972301135,0.1289358428030303
I_DAK01_MC_FN_SIM01_107.wav,0.054017913,0.4553944,1562.3107229390841,930.909731194268,2670.9901551942567,0.13610509923986486
I_DAK01_MC_FN_SIM01_108.wav,0.028174827,0.4301632,1612.6561879127646,923.8155283969821,2731.38427734375,0.1357363746279762
I_DAK01_MC_FN_SIM01_109.wav,0.042556893,0.45365795,1581.9881840715661,940.2130719552674,2731.3704207136825,0.1412452491554054
I_DAK01_MC_FN_SIM01_110.wav,0.038598593,0.46862423,1597.4425009804972,939.68159712507,2733.3875868055557,0.13875024112654322
I_DAK01_MC_FN_SIM01_111.wav,0.040590942,0.45396847,1563.8198704169185,925.669840382118,2668.145837918134,0.13367215008802816
I_DAK01_MC_FN_SIM01_112.wav,0.044204544,0.42202437,1547.8921413126182,964.512284197829,2740.0263538099316,0.1276353809931507
I_DAK01_MC_FN_SIM01_113.wav,0.031138659,0.49052364,1551.9823868856456,953.7038017905351,2681.044484608209,0.133759911380597
I_DAK01_MC_FN_SIM01_114.wav,0.029889405,0.4538987,1507.9855081700468,935.3480557710396,2600.433349609375,0.12689208984375
I_DAK01_MC_FN_SIM01_115.wav,0.032986075,0.45108145,1537.2579065069008,943.3986143227415,2708.709161931818,0.12740969967532467
I_DAK01_MC_FN_SIM01_116.wav,0.032614365,0.49645564,1545.0985797554883,935.0827528304092,2631.9854736328125,0.13194444444444445
I_DAK01_MC_FN_SIM01_301.wav,0.04525149,0.45803872,1498.1628337051734,942.4514256126082,2592.545769013554,0.12224679969879518
I_DAK01_MC_FN_SIM01_302.wav,0.053417645,0.472601,1580.7513824734306,962.3307561366039,2751.8329326923076,0.13653720953525642
I_DAK01_MC_FN_SIM01_303.wav,0.06962821,0.43135935,1567.1350321231307,944.8300819683275,2711.26953125,0.12941080729166668
I_DAK01_MC_FN_SIM01_304.wav,0.07413799,0.4710636,1607.7886125952518,991.1852047451442,2848.2411104090074,0.14105583639705882
I_DAK01_MC_FN_SIM01_305.wav,0.06348004,0.44800782,1556.7852422062465,961.0597940226936,2749.8180042613635,0.13577389407467533
I_DAK01_MC_FN_SIM01_306.wav,0.076206625,0.43906865,1542.6525191300068,949.6019201304877,2697.175357216283,0.1280517578125
I_DAK01_MC_FN_SIM01_307.wav,0.06387803,0.46100926,1529.3643079563205,959.9503810057201,2716.016909950658,0.12870708264802633
I_DAK01_MC_FN_SIM01_308.wav,0.0692412,0.44410628,1535.834420898156,951.4740970894768,2676.720703125,0.13199869791666666
I_DAK01_MC_FN_SIM01_309.wav,0.075164095,0.44783342,1544.8463291780793,944.9842657508691,2700.0890783361488,0.13273991765202703
I_DAK01_MC_FN_SIM01_310.wav,0.06591929,0.44878697,1514.0521260813432,940.2174346716398,2651.057392842061,0.13017314189189189
I_DAK01_MC_FN_SIM01_311.wav,0.064980075,0.46412396,1510.6237347823892,929.1071795177584,2653.177734375,0.12501302083333332
I_DAK01_MC_FN_SIM01_312.wav,0.07724153,0.4281096,1492.4162679760227,948.239516576994,2660.040752704327,0.1287059294871795
I_DAK01_MC_FN_SIM01_313.wav,0.07529566,0.43978348,1563.1994598026322,944.5976543083661,2694.963191105769,0.13596754807692307
I_DAK01_MC_FN_SIM01_314.wav,0.078823686,0.42843732,1583.1167127785309,966.4190922120289,2815.3208139780404,0.13264094172297297
I_DAK01_MC_FN_SIM01_315.wav,0.061847977,0.45974994,1502.208475472108,946.8087663943476,2631.5611143369933,0.126708984375
I_DAK01_MC_FN_SIM01_316.wav,0.06746546,0.4526345,1501.7038427837092,966.9362444252379,2685.0247896634614,0.12613306290064102
I_MAG01_EU_FN_FED01_101.wav,0.019472944,0.51257265,1633.5837017009665,954.321562400104,2821.2208714978447,0.15496475395114942
I_MAG01_EU_FN_FED01_201.wav,0.015694693,0.4675067,1636.9538235282894,933.6942983023197,2704.052425336234,0.1562067345727848
I_MAG01_EU_FN_FED01_202.wav,0.020686764,0.4824096,1572.983659406558,887.7661525490598,2578.60107421875,0.1466220953525641
I_MAT01_EU_FN_RIT01_201.wav,0.0041015917,0.3866694,1465.9481862163434,913.2455960364308,2536.5473681157177,0.13498801051980197
I_MAT01_EU_FN_RIT01_202.wav,0.007400925,0.4504127,1533.4959692689863,927.9739675563278,2601.031494140625,0.13688151041666666
I_MAT01_EU_FN_RIT01_203.wav,0.004167906,0.3643727,1395.2260254427893,894.8320753185006,2458.776224070582,0.11374848464439655
I_MAT01_EU_FN_RIT01_204.wav,0.0051927892,0.46324956,1619.6447485956462,953.7905282297698,2743.57539309731,0.14660180973101267
I_MAT01_EU_FN_RIT01_205.wav,0.008210729,0.46398202,1543.3294979043374,913.1986944624164,2586.2440321180557,0.1382981288580247
I_MAT01_EU_FN_RIT01_206.wav,0.0069315825,0.4711866,1525.499004997424,901.3299694080725,2537.3763234991775,0.14068924753289475
I_MAT01_EU_FN_RIT01_207.wav,0.0047527202,0.40592378,1404.905175349585,876.2958667013037,2424.7283935546875,0.11742146809895833
I_MAT01_EU_FN_RIT01_208.wav,0.0074805794,0.4267237,1495.5709904812513,894.1834350178398,2481.22314453125,0.13260633680555556
I_MAT01_EU_FN_RIT01_209.wav,0.004810593,0.44441998,1362.4349231300348,884.1102148765078,2304.82177734375,0.12092517671130952
I_MAT01_EU_FN_RIT01_210.wav,0.0036118636,0.4235776,1467.9794334527137,912.3433075983696,2486.1588016633063,0.12446971606182795
I_MEG01_MC_FI_SIM01_101.wav,0.03926961,0.41831857,1659.6447902392247,939.1193817520256,2793.4306640625,0.14720052083333332
I_MEG01_MC_FI_SIM01_102.wav,0.038784623,0.3983363,1756.4438552001031,973.2067849105258,2925.1598011363635,0.15373249797077923
I_MEG01_MC_FI_SIM01_103.wav,0.020256214,0.43504357,1572.3125781701024,963.9832997745233,2758.4997376399256,0.136201317630597
I_MEG01_MC_FI_SIM01_104.wav,0.023660706,0.44082123,1783.928813636814,940.7283478772517,2964.773739085478,0.15933766084558823
I_MEG01_MC_FI_SIM01_301.wav,0.009110125,0.450139,1526.6358070155952,936.171972672315,2603.056640625,0.13835100446428572
I_MEG01_MC_FI_SIM01_302.wav,0.024240084,0.41625747,1468.1973011864582,941.9606814078096,2607.1624755859375,0.12341986762152778
I_MEG01_MC_FI_SIM01_303.wav,0.014729108,0.47159007,1566.5967504973482,1017.2667592052788,2857.880193536932,0.13276811079545456
I_MEG01_MC_FI_SIM01_304.wav,0.0094815865,0.4420676,1557.571494319344,982.9941925238275,2755.340146346831,0.14275693221830985
I_MEG01_MC_FI_SIM01_305.wav,0.014902164,0.42231914,1581.2691945929405,989.8618783557665,2865.8484825721152,0.13954827724358973
I_MEG01_MC_FI_SIM01_306.wav,0.036965813,0.4501188,1660.4332371776347,990.835619679558,2931.2431640625,0.14307942708333332
I_MIN01_EU_FN_BEN01_101.wav,0.029682085,0.41101763,1580.6698484429091,868.1796561941023,2577.703857421875,0.1415863037109375
I_MIN01_EU_FN_BEN01_102.wav,0.02346396,0.42861372,1562.386685602358,875.848582210633,2579.5201743521343,0.13597441882621952
I_MIN01_EU_FN_BEN01_103.wav,0.028179264,0.39046258,1513.5529607375145,876.3938082951294,2477.6905732996324,0.13679534313725492
I_MIN01_EU_FN_BEN01_104.wav,0.019453488,0.4012858,1484.123542840118,885.693650093797,2554.1778885690787,0.12733347039473683
I_MIN01_EU_FN_BEN01_105.wav,0.040057182,0.3714207,1394.213465135055,792.441256475084,2265.5044555664062,0.12317330496651786
I_MIN01_EU_FN_BEN01_106.wav,0.029734977,0.3609115,1515.2804385698219,854.2722100715343,2487.5431141954787,0.13809528756648937
I_NIG01_MC_MN_SIM01_201.wav,0.0024540073,0.42339048,1530.1254898229706,994.5999986041996,2779.45126815581,0.12905754841549297
I_NUL01_MC_MI_SIM01_101.wav,0.020211337,0.4030492,1326.0801231934165,902.7334346755825,2386.8053347565406,0.1064453125
I_NUL01_MC_MI_SIM01_201.wav,0.023682494,0.42131162,1424.3414338545563,932.1062969058243,2539.189995659722,0.11829668209876543
I_NUL01_MC_MI_SIM01_202.wav,0.025516864,0.39709383,1472.0401457260548,927.3501295307587,2566.80908203125,0.12136695498511904
I_NUL01_MC_MI_SIM01_203.wav,0.044599637,0.42647713,1442.7420293814187,939.7492275552631,2566.535055226293,0.11590786637931035
I_NUL01_MC_MI_SIM01_204.wav,0.022057608,0.41560885,1402.367421931647,923.1572287582861,2471.302101828835,0.11896306818181818
I_NUL01_MC_MI_SIM01_205.wav,0.020204019,0.41757038,1353.0024263415983,924.8486087948759,2391.227476058468,0.10784715221774194
I_NUL01_MC_MI_SIM01_301.wav,0.014111284,0.43193159,1510.237099076687,927.4625617280443,2580.6041628815406,0.12632857921511628
I_NUL01_MC_MI_SIM01_302.wav,0.016561523,0.444879,1531.8737816229625,952.7448067235343,2714.2738825158226,0.13335022745253164
I_NUL01_MC_MI_SIM01_303.wav,0.013718639,0.44993693,1520.2715860945987,943.0224135504843,2700.263671875,0.12897786458333332
I_NUL01_MC_MI_SIM01_304.wav,0.011943267,0.44204915,1486.567353133327,962.4296748453685,2709.73828125,0.12027994791666667
I_REG01_EU_FN_GIO01_201.wav,0.0026936196,0.47724319,1661.052313961398,1002.5180279494533,2878.4095177283652,0.15239383012820512
I_SPI01_EU_MN_NAI01_101.wav,0.024175918,0.4310541,1527.155107125645,907.8311877739055,2650.9291847153463,0.1324885906559406
I_SPI01_EU_MN_NAI01_102.wav,0.02186622,0.37802258,1575.5327562186208,885.0677849889076,2591.56494140625,0.1365692761479592
I_SPI01_EU_MN_NAI01_103.wav,0.02111129,0.40083635,1572.0734944943613,898.7116129855469,2630.248781714109,0.1377823329207921
I_SPI01_EU_MN_NAI01_104.wav,0.025537936,0.40881047,1379.3703806325816,854.3822637779808,2382.967029918324,0.11304265802556818
I_SPI01_EU_MN_NAI01_105.wav,0.024996106,0.32493508,1489.8999485828654,816.3709168232217,2382.915790264423,0.1301540798611111
I_SPI01_EU_MN_NAI01_201.wav,0.0063513084,0.4640872,1642.316441324477,880.9871906716012,2730.9666322858147,0.14246291257022473
I_SPI01_EU_MN_NAI01_202.wav,0.0120936325,0.38466495,1691.1576947683668,838.5071500561534,2671.274886592742,0.15156670026881722
I_SPI01_EU_MN_NAI01_203.wav,0.0034358662,0.43654984,1621.3328960254523,930.873271037812,2758.024714543269,0.14398931146978022
I_SPI01_EU_MN_NAI01_204.wav,0.012028747,0.42121676,1649.6166687929128,882.1250568664492,2689.6249903310645,0.14735941367574257
I_SPI01_EU_MN_NAI01_205.wav,0.009768181,0.42476523,1686.5067735639261,885.1531731112434,2747.364940458131,0.15590867718446602
I_SPI01_EU_MN_NAI01_301.wav,0.018229598,0.3599712,1691.5193060183694,931.2981190185675,2711.6175426136365,0.1252263849431818
I_SPI01_EU_MN_NAI01_302.wav,0.005659044,0.37407112,1551.249945599202,936.872594398192,2579.7802734375,0.10538504464285714
I_SPI01_EU_MN_NAI01_303.wav,0.012016145,0.39230573,1739.5529080539416,994.0167010705303,2874.179504964953,0.1313294027453271
I_SPI01_EU_MN_NAI01_304.wav,0.018280067,0.31155235,1646.8745845833425,908.6566646699679,2688.6136568509614,0.12719100560897437
I_SPI01_EU_MN_NAI01_305.wav,0.018186063,0.36748424,1693.277522776953,913.0863129307443,2686.865234375,0.1273746327457265
I_TIG01_EU_FN_GIU01_201.wav,0.0011201957,0.5764813,1556.9850675214198,1029.020672779299,2928.3198686079545,0.1449041193181818
I_TIG01_EU_FN_GIU01_202.wav,0.0020402025,0.39423403,1537.3745800613658,1038.0817223875135,2823.682925575658,0.15311472039473684
I_TIG01_EU_FN_GIU01_203.wav,0.0021705723,0.4887768,1532.1017369822887,1023.2310352604201,2772.9306503080984,0.14085194762323944
I_WHO01_MC_FI_SIM01_101.wav,0.055394445,0.3617275,1684.1655707642863,932.6979548919546,2752.0822832661293,0.1531313004032258
I_WHO01_MC_FI_SIM01_102.wav,0.053325143,0.3404585,1571.9641010528196,920.1876118715297,2643.395260730422,0.13784826807228914
I_WHO01_MC_FI_SIM01_103.wav,0.06489473,0.44435975,1552.8193049906452,954.08615150483,2752.385066105769,0.16019381009615385
I_WHO01_MC_FI_SIM01_104.wav,0.034390084,0.4096021,1451.0659458428586,966.5432704571851,2585.712348090278,0.1288037712191358
I_WHO01_MC_FI_SIM01_105.wav,0.08043553,0.35564828,1743.347254103866,914.6004545468018,2781.9509198588707,0.14644762264784947
I_WHO01_MC_FI_SIM01_106.wav,0.047841676,0.384795,1774.8328966606011,956.5422779501122,2935.33447265625,0.15928276909722222
I_WHO01_MC_FI_SIM01_107.wav,0.017697185,0.38421002,1502.7491874872558,990.7589547579332,2804.1989348655525,0.10975540515988372
I_WHO01_MC_FI_SIM01_108.wav,0.03711643,0.36426237,1675.6034900174827,942.4863478387463,2820.9719571200285,0.1405917080965909
I_WHO01_MC_FI_SIM01_109.wav,0.029651916,0.3900882,1559.1206887773733,958.479648882277,2718.631753576807,0.13874835278614459
I_WHO01_MC_FI_SIM01_110.wav,0.044765763,0.43023276,1583.6595843743612,971.2117958113765,2788.254829302226,0.13800299657534246
I_WHO01_MC_FI_SIM01_111.wav,0.04153983,0.42299092,1602.5415547008865,976.1698026451016,2817.4850463867188,0.136383056640625
I_WHO01_MC_FI_SIM01_112.wav,0.06788576,0.4067916,1598.1277463883025,939.3203808967132,2728.3418354235196,0.14083701685855263
I_WHO01_MC_FI_SIM01_113.wav,0.030613026,0.40482682,1591.3836618941866,933.1226563386299,2734.457360692771,0.13225362387048192
I_WHO01_MC_FI_SIM01_114.wav,0.03127077,0.4399755,1549.4690862215612,959.971659976539,2748.516243948063,0.12594217649647887
I_WHO01_MC_FI_SIM01_115.wav,0.033840556,0.41883272,1627.3206778185654,963.352963472975,2807.1944073932927,0.13531940739329268
I_WHO01_MC_FI_SIM01_116.wav,0.037435077,0.41561314,1533.72313332173,967.4948161624558,2825.5307404891305,0.11550505264945653
I_WHO01_MC_FI_SIM01_201.wav,0.04311788,0.38544592,1635.6121549393804,965.3602391920303,2781.3720703125,0.14000108506944445
I_WHO01_MC_FI_SIM01_301.wav,0.027554894,0.39789867,1505.829841193959,956.4971317266363,2660.42724609375,0.122991943359375
